,Active Players,Age,Pos.,Status,Adj. Salary
0,Chad Pinder,30,LF,Arb 3,"$2,725,000"
1,Tony Kemp,30,2B,Arb 2,"$2,250,000"
2,Stephen Vogt,37,C,Vet,"$950,000"
3,Sean Murphy,27,C,Pre-Arb,"$725,000"
4,Seth Brown,29,LF,Pre-Arb,"$705,000"
5,Cole Irvin,28,SP,Pre-Arb,"$705,000"
6,James Kaprielian,28,SP,Pre-Arb,"$705,000"
7,A.J. Puk,27,RP,Pre-Arb,"$705,000"
8,Domingo Acevedo,28,RP,Pre-Arb,"$700,000"
9,Kirby Snead,27,RP,Pre-Arb,"$615,360"
10,Adam Oller,27,SP,Pre-Arb,"$499,980"
11,Austin Pruitt,32,RP,Arb 1,"$484,596"
12,Nick Allen,23,SS,Pre-Arb,"$480,750"
13,Cristian Pache,23,CF,Pre-Arb,"$479,823"
14,Jonah Bride,26,3B,Pre-Arb,"$438,444"
15,Dermis Garcia,24,3B,Pre-Arb,"$265,374"
16,Sam Selman,31,RP,Pre-Arb,"$238,452"
17,JP Sears,26,SP,Pre-Arb,"$215,376"
18,Adrian Martinez,25,SP,Pre-Arb,"$203,838"
19,Shea Langeliers,24,C,Pre-Arb,"$192,300"
20,Jared Koenig,28,RP,Pre-Arb,"$169,224"
21,Norge Ruiz,28,RP,Pre-Arb,"$161,532"
22,Ken Waldichuk,24,SP,Pre-Arb,"$130,764"
23,Tyler Cyr,29,RP,Pre-Arb,"$111,534"
24,Jordan Diaz,21,3B,Pre-Arb,"$65,382"
25,Conner Capel,25,RF,Pre-Arb,"$57,690"
26,Ernie Clement,26,2B,Pre-Arb,"$46,212"
27,Nate Mondou,27,2B,Pre-Arb,"$7,692"
28,Bryce Harper,29,DH,Vet,"$27,538,462"
29,Zack Wheeler,32,SP,Vet,"$26,000,000"
30,J.T. Realmuto,31,C,Vet,"$23,875,000"
31,Nick Castellanos,30,RF,Vet,"$20,000,000"
32,Kyle Schwarber,29,LF,Vet,"$19,000,000"
33,Aaron Nola,29,SP,Vet,"$15,500,000"
34,Jean Segura,32,2B,Vet,"$14,850,000"
35,Kyle Gibson,34,SP,Vet,"$8,000,000"
36,Rhys Hoskins,29,1B,Arb 2,"$7,700,000"
37,Noah Syndergaard,29,SP,Vet,"$7,384,640"
38,Brad Hand,32,RP,Vet,"$6,000,000"
39,Zach Eflin,28,RP,Arb 3,"$5,550,000"
40,Jose Alvarado,27,RP,Arb 2,"$1,900,000"
41,David Robertson,37,RP/CL,Vet,"$1,230,769"
42,Ranger Suarez,26,SP,Pre-Arb,"$730,000"
43,Seranthony Dominguez,27,RP/CL,Arb 1,"$725,000"
44,Alec Bohm,25,3B,Pre-Arb,"$715,000"
45,Garrett Stubbs,29,C,Pre-Arb,"$704,500"
46,Andrew Bellatti,30,RP,Pre-Arb,"$673,050"
47,Bryson Stott,24,2B,Pre-Arb,"$669,204"
48,Connor Brogdon,27,RP,Pre-Arb,"$636,498"
49,Matt Vierling,25,OF,Pre-Arb,"$615,012"
50,Nick Maton,25,SS,Pre-Arb,"$449,982"
51,Bailey Falter,25,SP,Pre-Arb,"$347,670"
52,Edmundo Sosa,26,SS,Pre-Arb,"$259,512"
53,Brandon Marsh,24,LF,Pre-Arb,"$249,664"
54,Darick Hall,26,1B,Pre-Arb,"$234,606"
55,Dalton Guthrie,26,SS,Pre-Arb,"$119,226"
56,Nolan Arenado,31,3B,Vet,"$29,429,500"
57,Paul Goldschmidt,34,1B,Vet,"$26,250,000"
58,Adam Wainwright,40,SP,Vet,"$17,500,000"
59,Miles Mikolas,33,SP,Vet,"$16,750,000"
60,Yadier Molina,39,C,Vet,"$10,000,000"
61,Steven Matz,31,RP,Vet,"$8,500,000"
62,Paul DeJong,28,SS,Vet,"$6,166,666"
63,Corey Dickerson,33,LF,Vet,"$5,000,000"
64,Jack Flaherty,26,SP,Arb 2,"$5,000,000"
65,Albert Pujols,42,DH,Vet,"$2,600,000"
66,Giovanny Gallegos,30,RP,Arb 1,"$2,410,000"
67,Jordan Montgomery,29,SP,Arb 3,"$2,109,888"
68,Chris Stratton,31,RP,Arb 2,"$949,440"
69,Jordan Hicks,25,RP,Arb 2,"$937,500"
70,Tommy Edman,27,SS,Pre-Arb,"$722,900"
71,Ryan Helsley,27,RP/CL,Pre-Arb,"$722,450"
72,Andrew Knizner,27,C,Pre-Arb,"$718,300"
73,Jose Quintana,33,SP,Vet,"$714,285"
74,Dylan Carlson,23,RF,Pre-Arb,"$703,000"
75,Andre Pallante,23,RP,Pre-Arb,"$700,000"
76,Brendan Donovan,25,LF,Pre-Arb,"$630,744"
77,Lars Nootbaar,24,OF,Pre-Arb,"$538,625"
78,Juan Yepez,24,DH,Pre-Arb,"$480,750"
79,Jake Woodford,25,RP,Pre-Arb,"$435,675"
80,Zack Thompson,24,RP,Pre-Arb,"$369,216"
81,Ben DeLuzio,27,CF,Pre-Arb,"$130,764"
82,Alec Burleson,23,OF,Pre-Arb,"$107,688"
83,Matthew Liberatore,22,SP,Pre-Arb,"$96,150"
84,Robbie Ray,30,SP,Vet,"$21,000,000"
85,Eugenio Suarez,30,3B,Vet,"$11,285,714"
86,Adam Frazier,30,2B,Arb 3,"$8,000,000"
87,Mitch Haniger,31,RF,Arb 3,"$7,750,000"
88,J.P. Crawford,27,SS,Vet,"$6,000,000"
89,Marco Gonzales,30,SP,Vet,"$5,750,000"
90,Chris Flexen,28,RP,Vet,"$3,050,000"
91,Luis Castillo,29,SP,Arb 2,"$2,705,795"
92,Julio Rodriguez,21,CF,Pre-Arb,"$2,612,500"
93,Diego Castillo,28,RP,Arb 1,"$2,150,000"
94,Matt Boyd,31,RP,Arb 4,"$1,828,544"
95,Paul Sewald,32,RP/CL,Arb 2,"$1,735,000"
96,Carlos Santana,36,1B,Vet,"$1,500,000"
97,Dylan Moore,29,2B,Arb 1,"$1,350,000"
98,Luis Torrens,26,C,Arb 1,"$1,200,000"
99,Andres Munoz,23,RP,Vet,"$937,000"
100,Curt Casali,33,C,Arb 4,"$914,304"
101,Ty France,27,1B,Pre-Arb,"$734,500"
102,Logan Gilbert,25,SP,Pre-Arb,"$712,300"
103,Erik Swanson,28,RP,Pre-Arb,"$711,600"
104,Cal Raleigh,25,C,Pre-Arb,"$683,574"
105,Penn Murfee,28,RP,Pre-Arb,"$646,128"
106,Abraham Toro-Hernandez,25,3B,Pre-Arb,"$638,067"
107,Matt Festa,29,RP,Pre-Arb,"$615,360"
108,George Kirby,24,SP,Pre-Arb,"$519,210"
109,Matt Brash,24,RP,Pre-Arb,"$453,946"
110,Taylor Trammell,24,RF,Pre-Arb,"$426,906"
111,Jarred Kelenic,22,LF,Pre-Arb,"$259,960"
112,Ke'Bryan Hayes,25,3B,Vet,"$10,000,000"
113,Bryan Reynolds,27,CF,Vet,"$6,750,000"
114,Kevin Newman,28,SS,Arb 1,"$1,950,000"
115,Ben Gamel,30,LF,Arb 3,"$1,800,000"
116,JT Brubaker,28,SP,Pre-Arb,"$725,000"
117,Mitch Keller,26,SP,Pre-Arb,"$725,000"
118,Duane Underwood,27,RP,Pre-Arb,"$725,000"
119,David Bednar,27,RP/CL,Pre-Arb,"$715,000"
120,Zach Thompson,28,RP,Pre-Arb,"$705,000"
121,Chase De Jong,28,RP,Pre-Arb,"$646,128"
122,Tyler Heineman,31,C,Pre-Arb,"$546,132"
123,Nick Mears,25,RP,Pre-Arb,"$534,612"
124,Diego Castillo,28,2B,Pre-Arb,"$534,594"
125,Bryse Wilson,24,SP,Pre-Arb,"$526,486"
126,Jack Suwinski,23,LF,Pre-Arb,"$449,982"
127,Oneil Cruz,23,SS,Pre-Arb,"$411,522"
128,Jason Delay,27,C,Pre-Arb,"$357,678"
129,Cal Mitchell,23,OF,Pre-Arb,"$357,678"
130,Manny Banuelos,31,RP,Pre-Arb,"$349,986"
131,Tucupita Marcano,22,SS,Pre-Arb,"$330,756"
132,Rodolfo Castro,23,SS,Pre-Arb,"$311,526"
133,Robert Stephenson,29,RP,Arb 2,"$274,287"
134,Miguel Yajure,24,RP,Pre-Arb,"$255,684"
135,Yohan Ramirez,27,RP,Pre-Arb,"$226,722"
136,Johan Oviedo,24,SP,Pre-Arb,"$130,764"
137,Miguel Andujar,27,3B,Arb 1,"$71,430"
138,Ji-Hwan Bae,22,SS,Pre-Arb,"$46,152"
139,Junior Fernandez,25,RP,Pre-Arb,"$15,384"
140,Freddie Freeman,32,1B,Vet,"$27,000,000"
141,Mookie Betts,29,RF,Vet,"$22,500,000"
142,Trea Turner,29,SS,Arb 4,"$21,000,000"
143,Justin Turner,37,3B,Vet,"$20,000,000"
144,Clayton Kershaw,34,SP,Vet,"$17,300,000"
145,Cody Bellinger,26,CF,Arb 3,"$17,000,000"
146,David Price,36,RP,Vet,"$16,000,000"
147,Craig Kimbrel,34,RP/CL,Vet,"$16,000,000"
148,Chris Taylor,31,LF,Vet,"$15,000,000"
149,Max Muncy,31,DH,Vet,"$13,000,000"
150,Tyler Anderson,32,SP,Vet,"$8,500,000"
151,Andrew Heaney,31,SP,Vet,"$8,500,000"
152,Julio Urias,25,SP,Arb 2,"$8,000,000"
153,Tommy Kahnle,32,RP,Vet,"$3,725,000"
154,Joey Gallo,28,LF,Arb 3,"$3,613,184"
155,Austin Barnes,32,C,Arb 3,"$2,750,000"
156,Hanser Alberto,29,2B,Arb 3,"$1,350,000"
157,Chris Martin,36,RP,Arb 2,"$934,066"
158,Will Smith,27,C,Pre-Arb,"$730,000"
159,Anthony Gonsolin,28,SP,Pre-Arb,"$720,000"
160,Brusdar Graterol,23,RP,Pre-Arb,"$720,000"
161,Gavin Lux,24,2B,Pre-Arb,"$720,000"
162,Evan Phillips,27,RP,Pre-Arb,"$720,000"
163,Alex Vesia,26,RP,Pre-Arb,"$720,000"
164,Caleb Ferguson,25,RP,Arb 1,"$678,640"
165,Yency Almonte,28,RP,Pre-Arb,"$561,516"
166,Trayce Thompson,31,CF,Pre-Arb,"$407,676"
167,Miguel Vargas,22,3B,Pre-Arb,"$153,840"
168,Charlie Morton,38,SP,Vet,"$20,000,000"
169,Kenley Jansen,34,RP/CL,Vet,"$16,000,000"
170,Marcell Ozuna,31,DH,Vet,"$16,000,000"
171,Ronald Acuna Jr.,24,RF,Vet,"$15,000,000"
172,Matt Olson,28,1B,Vet,"$15,000,000"
173,Dansby Swanson,28,SS,Arb 3,"$10,000,000"
174,Eddie Rosario,30,LF,Vet,"$9,000,000"
175,Travis d'Arnaud,33,C,Vet,"$8,000,000"
176,Max Fried,28,SP,Arb 2,"$6,850,000"
177,Collin McHugh,35,RP,Vet,"$4,000,000"
178,Austin Riley,25,3B,Arb 1,"$3,950,000"
179,Raisel Iglesias,32,RP,Vet,"$3,516,480"
180,Jake Odorizzi,32,SP,Vet,"$2,813,187"
181,A.J. Minter,28,RP,Arb 2,"$2,200,000"
182,Robbie Grossman,32,LF,Vet,"$1,758,272"
183,Orlando Arcia,27,2B,Vet,"$1,600,000"
184,Tyler Matzek,31,RP,Arb 1,"$1,400,000"
185,Guillermo Heredia,31,CF,Arb 3,"$1,000,000"
186,Kyle Wright,26,SP,Pre-Arb,"$720,000"
187,Jackson Stephens,28,RP,Pre-Arb,"$680,742"
188,William Contreras,24,C,Pre-Arb,"$667,071"
189,Ehire Adrianza,32,SS,Vet,"$535,730"
190,Dylan Lee,27,RP,Pre-Arb,"$526,902"
191,Michael Harris,21,CF,Pre-Arb,"$499,980"
192,Jesse Chavez,38,RP,Vet,"$247,248"
193,Vaughn Grissom,21,SS,Pre-Arb,"$215,376"
194,Bryce Elder,23,SP,Pre-Arb,"$153,840"
195,Silvino Bracho,29,RP,Arb 1,"$46,152"
196,Jose Abreu,35,1B,Vet,"$19,666,668"
197,Lance Lynn,35,SP,Vet,"$18,500,000"
198,Yasmani Grandal,33,C,Vet,"$18,250,000"
199,A.J. Pollock,34,LF,Vet,"$14,500,000"
200,Yoan Moncada,27,3B,Vet,"$13,800,000"
201,Liam Hendriks,33,RP/CL,Vet,"$13,333,333"
202,Kendall Graveman,31,RP,Vet,"$8,000,000"
203,Lucas Giolito,27,SP,Arb 2,"$7,450,000"
204,Eloy Jimenez,25,LF,Vet,"$7,333,333"
205,Joe Kelly,34,RP,Vet,"$7,000,000"
206,Leury Garcia,31,2B,Vet,"$5,500,000"
207,Josh Harrison,34,2B,Vet,"$4,000,000"
208,Johnny Cueto,36,SP,Vet,"$3,206,452"
209,Vincent Velasquez,30,RP,Vet,"$3,000,000"
210,Reynaldo Lopez,28,RP,Arb 2,"$2,625,000"
211,Aaron Bummer,28,RP,Vet,"$2,500,000"
212,Adam Engel,30,RF,Arb 2,"$2,000,000"
213,Jake Diekman,35,RP,Vet,"$1,230,784"
214,Dylan Cease,26,SP,Pre-Arb,"$750,000"
215,Jose Ruiz,27,RP,Pre-Arb,"$720,000"
216,Andrew Vaughn,24,DH,Pre-Arb,"$715,000"
217,Gavin Sheets,26,DH,Pre-Arb,"$671,067"
218,Jimmy Lambert,27,RP,Pre-Arb,"$480,750"
219,Davis Martin,25,SP,Pre-Arb,"$199,992"
220,Romy Gonzalez,25,2B,Pre-Arb,"$188,454"
221,Elvis Andrus,33,SS,Vet,"$184,608"
222,Carlos Perez,25,C,Pre-Arb,"$69,228"
223,Mark Payton,30,LF,Pre-Arb,"$53,844"
224,Jordan Lyles,31,SP,Vet,"$6,000,000"
225,Anthony Santander,27,RF,Arb 2,"$3,150,000"
226,Robinson Chirinos,38,C,Vet,"$900,000"
227,Cedric Mullins,27,CF,Pre-Arb,"$716,500"
228,Austin Hays,26,LF,Pre-Arb,"$713,000"
229,Dillon Tate,28,RP,Pre-Arb,"$711,500"
230,Ryan Mountcastle,25,1B,Pre-Arb,"$711,000"
231,Jorge Mateo,27,SS,Pre-Arb,"$709,500"
232,Dean Kremer,26,SP,Pre-Arb,"$705,500"
233,Cionel Perez,26,RP,Pre-Arb,"$705,000"
234,Keegan Akin,27,RP,Pre-Arb,"$701,640"
235,Bryan Baker,27,RP,Pre-Arb,"$700,500"
236,Rougned Odor,28,2B,Vet,"$700,000"
237,Ryan McKenna,25,CF,Pre-Arb,"$669,164"
238,Kyle Bradish,25,SP,Pre-Arb,"$615,360"
239,Austin Voth,30,SP,Arb 1,"$576,960"
240,Spenser Watkins,29,SP,Pre-Arb,"$557,670"
241,Adley Rutschman,24,C,Pre-Arb,"$526,902"
242,Tyler Nevin,25,3B,Pre-Arb,"$465,366"
243,Terrin Vavra,25,SS,Pre-Arb,"$273,066"
244,Mike Baumann,26,RP,Pre-Arb,"$223,416"
245,Anthony Bemboom,32,C,Pre-Arb,"$210,000"
246,Kyle Stowers,24,CF,Pre-Arb,"$196,146"
247,Logan Gillaspie,25,RP,Pre-Arb,"$173,070"
248,D.L. Hall,23,RP,Pre-Arb,"$138,456"
249,Gunnar Henderson,21,SS,Pre-Arb,"$134,610"
250,Jesus Aguilar,32,1B,Arb 3,"$130,764"
251,Yennier Cano,28,RP,Pre-Arb,"$30,768"
252,Salvador Perez,32,C,Vet,"$18,000,000"
253,Zack Greinke,38,SP,Vet,"$13,000,000"
254,Brad Keller,26,RP,Arb 2,"$4,825,000"
255,Hunter Dozier,30,1B,Vet,"$4,750,000"
256,Michael Taylor,31,CF,Vet,"$4,650,000"
257,Nicholas Lopez,27,3B,Arb 1,"$2,550,000"
258,Scott Barlow,29,RP/CL,Arb 1,"$2,400,000"
259,Amir Garrett,30,RP,Arb 2,"$2,025,000"
260,Ryan O'Hearn,28,1B,Arb 1,"$1,300,000"
261,Luke Weaver,28,RP,Arb 2,"$1,026,786"
262,Edward Olivares,26,OF,Pre-Arb,"$705,500"
263,Daniel Lynch,25,SP,Pre-Arb,"$703,600"
264,Dylan Coleman,25,RP,Pre-Arb,"$700,650"
265,Bobby Witt Jr.,22,SS,Pre-Arb,"$700,000"
266,Kyle Isbel,25,RF,Pre-Arb,"$694,260"
267,Brady Singer,25,SP,Pre-Arb,"$650,370"
268,Kris Bubic,24,SP,Pre-Arb,"$643,208"
269,MJ Melendez,23,DH,Pre-Arb,"$603,822"
270,Jon Heasley,25,SP,Pre-Arb,"$473,058"
271,Collin Snider,26,RP,Pre-Arb,"$411,522"
272,Carlos Hernandez,25,RP,Pre-Arb,"$404,976"
273,Vinnie Pasquantino,24,1B,Pre-Arb,"$384,600"
274,Sebastian Rivero,23,C,Pre-Arb,"$265,374"
275,Michael Massey,24,2B,Pre-Arb,"$257,682"
276,Nathan Eaton,25,C,Pre-Arb,"$211,530"
277,Drew Waters,23,OF,Pre-Arb,"$169,224"
278,Anthony Misiewicz,27,RP,Pre-Arb,"$164,976"
279,Maximo Castillo,23,RP,Pre-Arb,"$57,690"
280,Madison Bumgarner,32,SP,Vet,"$18,000,000"
281,Mark Melancon,37,RP/CL,Vet,"$7,000,000"
282,Merrill Kelly,33,SP,Vet,"$5,583,333"
283,Ian Kennedy,37,RP,Vet,"$4,500,000"
284,Carson Kelly,27,C,Arb 2,"$3,325,000"
285,Christian Walker,31,1B,Arb 1,"$2,600,000"
286,Caleb Smith,30,RP,Arb 2,"$2,000,000"
287,Zach Davies,29,SP,Vet,"$1,500,000"
288,Jordan Luplow,28,OF,Arb 1,"$1,400,000"
289,Zac Gallen,26,SP,Pre-Arb,"$745,600"
290,Josh Rojas,28,3B,Pre-Arb,"$730,900"
291,Daulton Varsho,25,CF,Pre-Arb,"$721,700"
292,Joe Mantiply,31,RP,Pre-Arb,"$717,000"
293,Geraldo Perdomo,22,SS,Pre-Arb,"$701,300"
294,Jake McCarthy,24,OF,Pre-Arb,"$528,683"
295,Cooper Hummel,27,DH,Pre-Arb,"$523,056"
296,Sean Poppen,28,RP,Pre-Arb,"$406,026"
297,Pavin Smith,26,RF,Pre-Arb,"$393,228"
298,Reyes Moronta,29,RP,Arb 2,"$362,648"
299,Sergio Alcantara,25,3B,Pre-Arb,"$360,180"
300,Kevin Ginkel,28,RP,Pre-Arb,"$246,144"
301,Jake Hager,29,OF,Pre-Arb,"$215,376"
302,Buddy Kennedy,23,3B,Pre-Arb,"$196,146"
303,Stone Garrett,26,OF,Pre-Arb,"$188,454"
304,Tommy Henry,24,SP,Pre-Arb,"$184,608"
305,Taylor Widener,27,RP,Pre-Arb,"$161,532"
306,Corbin Carroll,21,CF,Pre-Arb,"$142,302"
307,Drey Jameson,24,SP,Pre-Arb,"$76,920"
308,Avisail Garcia,31,RF,Vet,"$12,000,000"
309,Miguel Rojas,33,SS,Vet,"$5,500,000"
310,Joe Wendle,32,3B,Arb 2,"$4,550,000"
311,Brian Anderson,29,3B,Arb 2,"$4,475,000"
312,Sandy Alcantara,26,SP,Vet,"$3,800,000"
313,Dylan Floro,31,RP/CL,Arb 2,"$3,000,000"
314,Pablo Lopez,26,SP,Arb 1,"$2,450,000"
315,Jacob Stallings,32,C,Arb 2,"$2,450,000"
316,Richard Bleier,35,RP,Vet,"$2,250,000"
317,Elieser Hernandez,27,RP,Arb 1,"$1,325,000"
318,Jon Berti,32,3B,Arb 1,"$1,200,000"
319,Tanner Scott,27,RP,Arb 1,"$1,050,000"
320,Jesus Luzardo,24,SP,Pre-Arb,"$715,000"
321,Bryan De La Cruz,25,CF,Pre-Arb,"$643,914"
322,Tommy Nance,31,RP,Pre-Arb,"$515,364"
323,Nick Fortes,25,C,Pre-Arb,"$503,826"
324,Jesus Sanchez,24,CF,Pre-Arb,"$490,896"
325,Braxton Garrett,24,SP,Pre-Arb,"$430,752"
326,Lewin Diaz,25,1B,Pre-Arb,"$292,296"
327,J.J. Bleday,24,OF,Pre-Arb,"$284,604"
328,Huascar Brazoban,32,RP,Pre-Arb,"$280,758"
329,Charles Leblanc,26,SS,Pre-Arb,"$261,528"
330,Jeff Brigham,30,RP,Pre-Arb,"$207,684"
331,Andrew Nardi,23,RP,Pre-Arb,"$199,992"
332,Peyton Burdick,25,CF,Pre-Arb,"$176,916"
333,Jake Fishman,27,RP,Pre-Arb,"$103,842"
334,Bryan Hoeing,25,RP,Pre-Arb,"$99,996"
335,Jordan Groshans,22,SS,Pre-Arb,"$84,612"
336,Christian Yelich,30,LF,Vet,"$22,000,000"
337,Kolten Wong,31,2B,Vet,"$8,500,000"
338,Andrew McCutchen,35,DH,Vet,"$8,500,000"
339,Hunter Renfroe,30,RF,Arb 3,"$7,650,000"
340,Brandon Woodruff,29,SP,Arb 2,"$6,800,000"
341,Corbin Burnes,27,SP,Arb 1,"$6,500,000"
342,Omar Narvaez,30,C,Arb 3,"$5,000,000"
343,Willy Adames,26,SS,Arb 1,"$4,600,000"
344,Brent Suter,32,RP,Arb 2,"$2,700,000"
345,Luis Urias,25,2B,Pre-Arb,"$2,550,000"
346,Freddy Peralta,26,SP,Vet,"$2,484,960"
347,Eric Lauer,27,SP,Arb 1,"$2,425,000"
348,Victor Caratini,28,C,Arb 2,"$2,000,000"
349,Rowdy Tellez,27,1B,Arb 1,"$1,940,000"
350,Jace Peterson,32,3B,Arb 4,"$1,825,000"
351,Brad Boxberger,34,RP,Vet,"$1,750,000"
352,Trevor Gott,29,RP,Arb 1,"$725,000"
353,Devin Williams,27,RP/CL,Pre-Arb,"$714,500"
354,Tyrone Taylor,28,CF,Pre-Arb,"$711,100"
355,Hoby Milner,31,RP,Arb 1,"$705,100"
356,Aaron Ashby,24,SP,Pre-Arb,"$704,500"
357,Michael Brosseau,28,3B,Pre-Arb,"$698,580"
358,Keston Hiura,25,2B,Pre-Arb,"$592,722"
359,Jake Cousins,27,RP,Pre-Arb,"$570,507"
360,Jason Alexander,29,RP,Pre-Arb,"$392,292"
361,Peter Strzelecki,27,RP,Pre-Arb,"$303,834"
362,Taylor Rogers,31,RP,Arb 4,"$250,000"
363,Garrett Mitchell,23,OF,Pre-Arb,"$149,994"
364,Patrick Corbin,32,SP,Vet,"$23,416,666"
365,Nelson Cruz,41,DH,Vet,"$12,000,000"
366,Cesar Hernandez,32,2B,Vet,"$4,500,000"
367,Erick Fedde,29,SP,Arb 1,"$2,150,000"
368,Steve Cishek,36,RP,Vet,"$2,000,000"
369,Anibal Sanchez,38,SP,Vet,"$2,000,000"
370,Luke Voit,31,DH,Arb 2,"$1,916,480"
371,Victor Robles,25,CF,Arb 1,"$1,650,000"
372,Kyle Finnegan,30,RP/CL,Pre-Arb,"$725,900"
373,Lane Thomas,26,CF,Pre-Arb,"$723,600"
374,Paolo Espino,35,SP,Pre-Arb,"$716,200"
375,Josiah Gray,24,SP,Pre-Arb,"$703,500"
376,Joey Meneses,30,1B,Pre-Arb,"$700,000"
377,Hunter Harvey,27,RP,Pre-Arb,"$661,512"
378,Erasmo Ramirez,32,RP,Vet,"$646,128"
379,C.J. Edwards,30,RP,Arb 4,"$569,208"
380,Andres Machado,29,RP,Pre-Arb,"$552,522"
381,Mason Thompson,24,RP,Pre-Arb,"$524,688"
382,Riley Adams,26,C,Pre-Arb,"$500,907"
383,Luis Garcia,22,SS,Pre-Arb,"$484,596"
384,Tres Barrera,27,C,Pre-Arb,"$334,602"
385,Jordan Weems,29,RP,Pre-Arb,"$288,450"
386,Cory Abbott,26,SP,Pre-Arb,"$257,682"
387,Ildemaro Vargas,30,2B,Pre-Arb,"$246,144"
388,Joshua Palacios,26,CF,Pre-Arb,"$223,590"
389,Alex Call,27,OF,Pre-Arb,"$199,992"
390,CJ Abrams,21,SS,Pre-Arb,"$196,146"
391,Israel Pineda,22,C,Pre-Arb,"$99,996"
392,Marcus Stroman,31,SP,Vet,"$25,000,000"
393,Wade Miley,35,SP,Vet,"$10,000,000"
394,Willson Contreras,30,C,Arb 3,"$9,625,000"
395,Seiya Suzuki,27,RF,Vet,"$8,000,000"
396,Ian Happ,27,LF,Arb 2,"$6,850,000"
397,Yan Gomes,34,C,Vet,"$6,000,000"
398,Drew Smyly,33,SP,Vet,"$4,250,000"
399,David Bote,29,2B,Vet,"$2,510,000"
400,Franmil Reyes,26,DH,Arb 1,"$1,450,000"
401,Patrick Wisdom,30,3B,Pre-Arb,"$730,000"
402,Rowan Wick,29,RP,Pre-Arb,"$724,000"
403,Nico Hoerner,25,SS,Pre-Arb,"$720,000"
404,Adbert Alzolay,27,RP,Pre-Arb,"$718,250"
405,Keegan Thompson,27,SP,Pre-Arb,"$706,000"
406,Javier Assad,24,SP,Pre-Arb,"$700,000"
407,Alfonso Rivas,25,1B,Pre-Arb,"$562,684"
408,Michael Rucker,28,RP,Pre-Arb,"$548,120"
409,Christopher Morel,23,CF,Pre-Arb,"$542,286"
410,Brandon Hughes,26,RP/CL,Pre-Arb,"$538,440"
411,P.J. Higgins,29,C,Pre-Arb,"$523,056"
412,Manuel Rodriguez,25,RP,Pre-Arb,"$484,596"
413,Mark Leiter Jr.,31,RP,Pre-Arb,"$457,674"
414,Nelson Velazquez,23,OF,Pre-Arb,"$419,214"
415,Adrian Sampson,30,SP,Pre-Arb,"$415,368"
416,Erich Uelmen,26,RP,Pre-Arb,"$307,680"
417,Zach McKinstry,27,SS,Pre-Arb,"$261,528"
418,Hayden Wesneski,24,SP,Pre-Arb,"$115,380"
419,Esteban Quiroz,30,2B,Pre-Arb,"$69,228"
420,Jose Ramirez,29,3B,Vet,"$22,000,000"
421,Shane Bieber,27,SP,Arb 1,"$6,000,000"
422,Amed Rosario,26,SS,Arb 2,"$4,950,000"
423,Austin Hedges,29,C,Arb 4,"$4,000,000"
424,Cal Quantrill,27,SP,Arb 1,"$2,510,000"
425,Zach Plesac,27,SP,Pre-Arb,"$2,000,000"
426,Emmanuel Clase,24,RP/CL,Vet,"$1,900,000"
427,Myles Straw,27,CF,Vet,"$1,650,000"
428,Josh Naylor,25,1B,Pre-Arb,"$1,200,000"
429,Luke Maile,31,C,Arb 3,"$900,000"
430,Aaron Civale,27,SP,Pre-Arb,"$716,900"
431,James Karinchak,26,RP,Pre-Arb,"$710,606"
432,Triston McKenzie,24,SP,Pre-Arb,"$707,100"
433,Andres Gimenez,23,2B,Pre-Arb,"$706,600"
434,Trevor Stephan,26,RP,Pre-Arb,"$703,400"
435,Sam Hentges,25,RP,Pre-Arb,"$702,500"
436,Eli Morgan,26,RP,Pre-Arb,"$702,100"
437,Owen Miller,25,1B,Pre-Arb,"$701,100"
438,Steven Kwan,24,LF,Pre-Arb,"$700,000"
439,Cody Morris,25,SP,Pre-Arb,"$700,000"
440,Nick Sandlin,25,RP,Pre-Arb,"$647,640"
441,Enyel De Los Santos,26,RP,Pre-Arb,"$642,282"
442,Oscar Gonzalez,24,RF,Pre-Arb,"$507,672"
443,Will Benson,24,OF,Pre-Arb,"$249,990"
444,Kirk McCarty,26,RP,Pre-Arb,"$165,378"
445,Gabriel Arias,22,SS,Pre-Arb,"$65,382"
446,Will Brennan,24,CF,Pre-Arb,"$53,844"
447,Bo Naylor,22,C,Pre-Arb,"$15,384"
448,Mike Trout,30,CF,Vet,"$37,116,666"
449,Anthony Rendon,32,3B,Vet,"$36,571,428"
450,Aaron Loup,34,RP,Vet,"$7,500,000"
451,Ryan Tepera,34,RP,Vet,"$7,000,000"
452,Michael Lorenzen,30,SP,Vet,"$6,750,000"
453,Shohei Ohtani,27,SP,Arb 2,"$5,500,000"
454,David Fletcher,28,SS,Vet,"$4,000,000"
455,Max Stassi,31,C,Vet,"$3,000,000"
456,Kurt Suzuki,38,C,Vet,"$1,750,000"
457,Matt Duffy,31,3B,Arb 4,"$1,500,000"
458,Jaime Barria,25,RP,Pre-Arb,"$730,000"
459,Jimmy Herget,28,RP,Pre-Arb,"$720,000"
460,Jose Quijada,26,RP/CL,Pre-Arb,"$720,000"
461,Patrick Sandoval,25,SP,Pre-Arb,"$720,000"
462,Taylor Ward,28,RF,Pre-Arb,"$720,000"
463,Reid Detmers,22,SP,Pre-Arb,"$647,566"
464,Luis Rengifo,25,2B,Pre-Arb,"$576,900"
465,Andrew Wantz,26,RP,Pre-Arb,"$546,132"
466,Jose Suarez,24,SP,Pre-Arb,"$538,016"
467,Jordon Adell,23,RF,Pre-Arb,"$478,676"
468,Tucker Davidson,26,SP,Pre-Arb,"$249,664"
469,Michael Stefanic,26,2B,Pre-Arb,"$180,762"
470,Matt Thaiss,27,1B,Pre-Arb,"$176,916"
471,Zack Weiss,30,RP,Pre-Arb,"$130,764"
472,Livan Soto,22,SS,Pre-Arb,"$73,074"
473,Rob Zastryzny,30,RP,Pre-Arb,"$57,690"
474,Logan O'Hoppe,22,C,Pre-Arb,"$26,922"
475,Nash Walters,25,SP,Pre-Arb,"$23,076"
476,Jose Altuve,32,2B,Vet,"$29,000,000"
477,Justin Verlander,39,SP,Vet,"$25,000,000"
478,Lance McCullers,28,SP,Vet,"$15,833,333"
479,Alex Bregman,28,3B,Vet,"$12,666,666"
480,Ryan Pressly,33,RP/CL,Vet,"$10,000,000"
481,Yulieski Gurriel,38,1B,Vet,"$8,000,000"
482,Hector Neris,33,RP,Vet,"$8,000,000"
483,Martin Maldonado,35,C,Vet,"$5,000,000"
484,Will Smith,32,RP,Vet,"$4,642,857"
485,Aledmys Diaz,31,SS,Arb 3,"$4,450,000"
486,Framber Valdez,28,SP,Arb 1,"$3,000,000"
487,Rafael Montero,31,RP,Arb 4,"$2,725,000"
488,Trey Mancini,30,1B,Vet,"$2,678,585"
489,Christian Vazquez,31,C,Vet,"$2,461,568"
490,Ryne Stanek,30,RP,Arb 2,"$2,100,000"
491,Phil Maton,29,RP,Arb 2,"$1,550,000"
492,Luis Garcia,25,SP,Pre-Arb,"$1,251,500"
493,Yordan Alvarez,25,DH,Pre-Arb,"$764,600"
494,Kyle Tucker,25,RF,Pre-Arb,"$764,200"
495,Cristian Javier,25,SP,Pre-Arb,"$749,100"
496,Jose Urquidy,27,SP,Pre-Arb,"$748,700"
497,Bryan Abreu,25,RP,Pre-Arb,"$719,600"
498,Jeremy Pena,24,SS,Pre-Arb,"$700,000"
499,Chas McCormick,27,CF,Pre-Arb,"$696,060"
500,Jake Meyers,26,OF,Pre-Arb,"$589,504"
501,Mauricio Dubon,27,CF,Pre-Arb,"$565,776"
502,David Hensley,26,SS,Pre-Arb,"$176,916"
503,Hunter Brown,23,RP,Pre-Arb,"$130,764"
504,Corey Seager,28,SS,Vet,"$33,000,000"
505,Marcus Semien,31,2B,Vet,"$25,000,000"
506,Jon Gray,30,SP,Vet,"$15,000,000"
507,Jose Leclerc,28,RP/CL,Vet,"$5,250,000"
508,Kole Calhoun,34,LF,Vet,"$5,200,000"
509,Martin Perez,31,SP,Vet,"$4,000,000"
510,Matt Moore,33,RP,Vet,"$2,311,852"
511,Charlie Culberson,33,3B,Vet,"$1,750,000"
512,Taylor Hearn,27,RP,Pre-Arb,"$911,502"
513,Jonathan Hernandez,25,RP,Pre-Arb,"$720,000"
514,Dennis Santana,26,RP,Pre-Arb,"$720,000"
515,Nate Lowe,26,1B,Pre-Arb,"$716,000"
516,Brock Burke,25,RP,Pre-Arb,"$714,000"
517,Adolis Garcia,29,RF,Pre-Arb,"$714,000"
518,Jonah Heim,27,C,Pre-Arb,"$714,000"
519,Joe Barlow,26,RP,Pre-Arb,"$704,000"
520,Kevin Plawecki,31,C,Arb 4,"$700,000"
521,Glenn Otto,26,SP,Pre-Arb,"$642,282"
522,John King,27,RP,Pre-Arb,"$509,990"
523,Leodys Taveras,23,CF,Pre-Arb,"$438,444"
524,Josh Smith,24,3B,Pre-Arb,"$426,906"
525,Sam Huff,24,C,Pre-Arb,"$311,526"
526,Bubba Thompson,24,OF,Pre-Arb,"$238,452"
527,Mark Mathias,27,2B,Pre-Arb,"$192,300"
528,Jesus Tinoco,27,RP,Pre-Arb,"$165,378"
529,Josh Jung,24,3B,Pre-Arb,"$99,996"
530,A.J. Alexy,24,RP,Pre-Arb,"$73,074"
531,Yerry Rodriguez,24,SP,Pre-Arb,"$15,384"
532,George Springer,32,CF,Vet,"$29,666,666"
533,Kevin Gausman,31,SP,Vet,"$21,000,000"
534,Yusei Kikuchi,31,RP,Pre-Arb,"$16,000,000"
535,Matt Chapman,29,3B,Vet,"$12,500,000"
536,Jose Berrios,28,SP,Vet,"$10,714,285"
537,Teoscar Hernandez,29,DH,Arb 2,"$10,650,000"
538,Vladimir Guerrero Jr.,23,1B,Arb 1,"$7,900,000"
539,Yimi Garcia,31,RP,Vet,"$5,500,000"
540,Raimel Tapia,28,RF,Arb 2,"$3,950,000"
541,Ross Stripling,32,SP,Arb 3,"$3,790,000"
542,David Phelps,35,RP,Vet,"$3,500,000"
543,Whit Merrifield,33,2B,Vet,"$2,461,568"
544,Cavan Biggio,27,2B,Arb 1,"$2,122,500"
545,Danny Jansen,27,C,Arb 1,"$1,950,000"
546,Adam Cimber,31,RP,Arb 2,"$1,575,000"
547,Tim Mayza,30,RP,Arb 1,"$1,250,000"
548,Anthony Bass,34,RP,Vet,"$1,054,976"
549,Trevor Richards,29,RP,Arb 1,"$1,000,000"
550,Bo Bichette,24,SS,Pre-Arb,"$825,000"
551,Alek Manoah,24,SP,Pre-Arb,"$730,000"
552,Santiago Espinal,27,2B,Pre-Arb,"$723,550"
553,Alejandro Kirk,23,C,Pre-Arb,"$714,000"
554,Jordan Romano,29,RP/CL,Pre-Arb,"$710,400"
555,Trent Thornton,28,RP,Arb 1,"$384,120"
556,Bradley Zimmer,29,CF,Arb 1,"$264,291"
557,Gabriel Moreno,22,C,Pre-Arb,"$226,914"
558,Jackie Bradley Jr.,32,CF,Vet,"$219,222"
559,Zach Pop,25,RP,Pre-Arb,"$192,300"
560,Otto Lopez,23,SS,Pre-Arb,"$100,022"
561,Manny Machado,29,3B,Vet,"$32,000,000"
562,Wil Myers,31,RF,Vet,"$22,500,000"
563,Yu Darvish,35,SP,Vet,"$20,000,000"
564,Blake Snell,29,SP,Vet,"$13,100,000"
565,Sean Manaea,30,SP,Arb 4,"$9,750,000"
566,Joe Musgrove,29,SP,Arb 3,"$8,625,000"
567,Mike Clevinger,31,SP,Vet,"$8,500,000"
568,Jurickson Profar,29,LF,Vet,"$7,333,333"
569,Ha-seong Kim,26,SS,Pre-Arb,"$7,000,000"
570,Juan Soto,23,RF,Arb 2,"$6,013,184"
571,Nick Martinez,31,RP,Vet,"$6,000,000"
572,Robert Suarez,31,RP,Pre-Arb,"$6,000,000"
573,Craig Stammen,38,RP,Vet,"$4,000,000"
574,Josh Hader,28,RP/CL,Arb 3,"$3,989,011"
575,Josh Bell,29,1B,Arb 3,"$3,516,480"
576,Luis Garcia,35,RP,Vet,"$3,250,000"
577,Pierce Johnson,31,RP,Pre-Arb,"$3,000,000"
578,Jorge Alfaro,29,C,Arb 2,"$2,725,000"
579,Tim Hill,32,RP,Arb 1,"$1,325,000"
580,Jake Cronenworth,28,2B,Pre-Arb,"$757,200"
581,Trent Grisham,25,CF,Pre-Arb,"$729,300"
582,Austin Nola,32,C,Pre-Arb,"$726,900"
583,Adrian Morejon,23,RP,Pre-Arb,"$704,500"
584,Steven Wilson,27,RP,Pre-Arb,"$665,358"
585,Nabil Crismatt,27,RP,Pre-Arb,"$634,240"
586,Jose Azocar,26,OF,Pre-Arb,"$561,516"
587,Brandon Drury,29,3B,Arb 4,"$316,480"
588,Luis Campusano,23,C,Pre-Arb,"$180,762"
589,Brandon Dixon,30,1B,Arb 1,"$30,768"
590,Max Scherzer,37,SP,Vet,"$43,333,333"
591,Gerrit Cole,31,SP,Vet,"$36,000,000"
592,Carlos Correa,27,SS,Vet,"$35,100,000"
593,Francisco Lindor,28,SS,Vet,"$34,100,000"
594,Miguel Cabrera,39,DH,Vet,"$32,000,000"
595,Giancarlo Stanton,32,RF,Vet,"$29,000,000"
596,Josh Donaldson,36,DH,Vet,"$23,000,000"
597,Jacob deGrom,34,SP,Vet,"$20,500,000"
598,Xander Bogaerts,29,SS,Vet,"$20,000,000"
599,Javier Baez,29,SS,Vet,"$20,000,000"
600,J.D. Martinez,34,DH,Vet,"$19,350,000"
601,Aaron Judge,30,CF,Arb 3,"$19,000,000"
602,Aroldis Chapman,34,RP,Vet,"$18,000,000"
603,Nathan Eovaldi,32,SP,Vet,"$17,000,000"
604,Anthony Rizzo,32,1B,Vet,"$16,000,000"
605,Brandon Crawford,35,SS,Vet,"$16,000,000"
606,Starling Marte,33,RF,Vet,"$15,750,000"
607,D.J. LeMahieu,33,3B,Vet,"$15,000,000"
608,Eduardo Rodriguez,29,SP,Vet,"$14,000,000"
609,Corey Kluber,36,SP,Vet,"$13,000,000"
610,Mark Canha,33,LF,Vet,"$12,666,666"
611,Carlos Carrasco,35,SP,Vet,"$12,000,000"
612,Luis Severino,28,SP,Vet,"$11,500,000"
613,German Marquez,27,SP,Vet,"$11,300,000"
614,Rafael Devers,25,3B,Arb 2,"$11,200,000"
615,Aaron Hicks,32,CF,Vet,"$10,785,714"
616,Randal Grichuk,30,RF,Vet,"$10,333,333"
617,Edwin Diaz,28,RP/CL,Arb 3,"$10,200,000"
618,Eduardo Escobar,33,3B,Vet,"$10,000,000"
619,Gary Sanchez,29,C,Arb 3,"$9,000,000"
620,Alex Cobb,34,SP,Vet,"$9,000,000"
621,Chris Bassitt,33,SP,Arb 3,"$8,650,000"
622,James McCann,32,C,Vet,"$8,150,000"
623,Matt Barnes,32,RP,Vet,"$8,125,000"
624,Tucker Barnhart,31,C,Vet,"$7,750,000"
625,Trevor May,32,RP,Vet,"$7,750,000"
626,Jonathan Schoop,30,2B,Vet,"$7,500,000"
627,Pete Alonso,27,1B,Arb 1,"$7,400,000"
628,C.J. Cron,32,1B,Vet,"$7,250,000"
629,Enrique Hernandez,30,CF,Vet,"$7,000,000"
630,Michael Wacha,31,SP,Vet,"$7,000,000"
631,Kyle Freeland,29,SP,Vet,"$7,000,000"
632,Brandon Nimmo,29,CF,Arb 3,"$7,000,000"
633,Taijuan Walker,29,SP,Vet,"$7,000,000"
634,Giovanny Urshela,30,3B,Arb 2,"$6,550,000"
635,Gleyber Torres,25,2B,Arb 2,"$6,250,000"
636,Andrew Chafin,32,RP,Vet,"$6,000,000"
637,Jeimer Candelario,28,3B,Arb 2,"$5,800,000"
638,Jameson Taillon,30,SP,Arb 3,"$5,800,000"
639,Manuel Margot,27,RF,Arb 3,"$5,600,000"
640,Rich Hill,42,SP,Vet,"$5,500,000"
641,Tyler Glasnow,28,SP,Arb 3,"$5,100,000"
642,Jose Iglesias,32,SS,Vet,"$5,000,000"
643,Ryan McMahon,27,3B,Vet,"$5,000,000"
644,Adam Ottavino,36,RP,Vet,"$5,000,000"
645,Isiah Kiner-Falefa,27,SS,Arb 2,"$4,700,000"
646,Donovan Solano,34,2B,Vet,"$4,500,000"
647,Daniel Bard,37,RP/CL,Arb 3,"$4,400,000"
648,Brooks Raley,34,RP,Pre-Arb,"$4,250,000"
649,Alex Colome,33,RP,Vet,"$4,100,000"
650,Dylan Bundy,29,SP,Vet,"$4,000,000"
651,Seth Lugo,32,RP,Arb 3,"$3,925,000"
652,Trevor Williams,30,RP,Arb 3,"$3,900,000"
653,Mike Yastrzemski,31,CF,Arb 1,"$3,700,000"
654,Alex Verdugo,26,LF,Arb 1,"$3,550,000"
655,Wilmer Flores,30,DH,Vet,"$3,500,000"
656,Ji-Man Choi,31,1B,Arb 2,"$3,200,000"
657,Kyle Farmer,31,SS,Arb 1,"$3,155,000"
658,David Peralta,34,LF,Vet,"$3,095,055"
659,Matthew Strahm,30,RP,Arb 3,"$3,000,000"
660,Elias Diaz,31,C,Vet,"$3,000,000"
661,Jeff McNeil,30,2B,Arb 1,"$3,000,000"
662,Yandy Diaz,30,3B,Arb 1,"$2,800,000"
663,Nick Pivetta,29,SP,Arb 1,"$2,650,000"
664,Joely Rodriguez,30,RP,Pre-Arb,"$2,650,000"
665,Miguel Castro,27,RP,Arb 3,"$2,620,000"
666,Emilio Pagan,31,RP,Arb 2,"$2,300,000"
667,Wandy Peralta,30,RP,Arb 3,"$2,150,000"
668,Luis Arraez,25,2B,Arb 1,"$2,125,000"
669,Jose Cisnero,33,RP,Arb 2,"$1,900,000"
670,Garrett Hampson,27,SS,Arb 1,"$1,862,500"
671,Austin Slater,29,CF,Arb 2,"$1,850,000"
672,Hunter Strickland,33,RP,Vet,"$1,825,000"
673,Luis Cessa,30,SP,Arb 2,"$1,800,000"
674,Domingo German,29,SP,Arb 1,"$1,750,000"
675,Michael Fulmer,29,RP,Arb 4,"$1,740,672"
676,Jarlin Garcia,29,RP,Arb 2,"$1,725,000"
677,Harrison Bader,28,CF,Vet,"$1,652,736"
678,Jonathan Loaisiga,27,RP,Arb 1,"$1,650,000"
679,Dinelson Lamet,29,RP,Arb 2,"$1,600,396"
680,Tyler Naquin,31,DH,Arb 3,"$1,503,820"
681,Francisco Mejia,26,C,Arb 1,"$1,455,000"
682,Wander Franco,21,SS,Vet,"$1,454,545"
683,Matt Carpenter,36,3B,Vet,"$1,450,548"
684,Ryan Brasier,34,RP,Arb 2,"$1,400,000"
685,Victor Reyes,27,RF,Arb 1,"$1,400,000"
686,Caleb Thielbar,35,RP,Arb 1,"$1,300,000"
687,Harold Castro,28,3B,Pre-Arb,"$1,275,000"
688,Mychal Givens,32,RP,Vet,"$1,250,000"
689,Christian Arroyo,27,2B,Arb 1,"$1,200,000"
690,Marwin Gonzalez,33,3B,Vet,"$1,150,000"
691,Clay Holmes,29,RP/CL,Arb 1,"$1,100,000"
692,Lou Trivino,30,RP,Arb 2,"$1,071,460"
693,Darin Ruf,35,DH,Vet,"$1,054,976"
694,J.D. Davis,29,3B,Arb 2,"$970,560"
695,Jeffrey Springs,29,SP,Arb 1,"$947,500"
696,Kyle Higashioka,32,C,Arb 1,"$935,000"
697,Lucas Luetge,35,RP,Arb 1,"$905,000"
698,Jason Adam,30,RP,Pre-Arb,"$900,000"
699,Tomas Nido,28,C,Arb 1,"$890,000"
700,Luis Guillorme,27,2B,Arb 1,"$875,000"
701,John Brebbia,32,RP,Arb 2,"$837,500"
702,Miguel Diaz,27,RP,Pre-Arb,"$800,000"
703,Jonathan India,25,2B,Pre-Arb,"$760,000"
704,Drew Smith,28,RP,Arb 1,"$750,000"
705,Jalen Beeks,28,RP,Arb 1,"$750,000"
706,Tyler Rogers,31,RP,Pre-Arb,"$730,000"
707,LaMonte Wade,28,LF,Pre-Arb,"$730,000"
708,Harold Ramirez,27,RF,Arb 1,"$728,000"
709,Nestor Cortes,27,SP,Pre-Arb,"$727,500"
710,Gregory Soto,27,RP/CL,Pre-Arb,"$722,400"
711,Jose Trevino,29,C,Pre-Arb,"$720,000"
712,Tyler Alexander,27,SP,Pre-Arb,"$716,900"
713,Randy Arozarena,27,LF,Pre-Arb,"$716,600"
714,Thairo Estrada,26,2B,Pre-Arb,"$715,000"
715,Pete Fairbanks,28,RP,Pre-Arb,"$714,400"
716,Ryan Jeffers,25,C,Pre-Arb,"$713,050"
717,Drew Rasmussen,26,SP,Pre-Arb,"$711,800"
718,Shane McClanahan,25,SP,Pre-Arb,"$711,400"
719,J.T. Chargois,31,RP,Pre-Arb,"$710,500"
720,Eric Haase,29,C,Pre-Arb,"$710,400"
721,Jake Fraley,27,LF,Pre-Arb,"$710,000"
722,Austin Gomber,28,RP,Pre-Arb,"$710,000"
723,Brendan Rodgers,25,2B,Pre-Arb,"$710,000"
724,Tylor Megill,26,RP,Pre-Arb,"$707,500"
725,Albert Abreu,26,RP,Pre-Arb,"$707,500"
726,Nick Gordon,26,SS,Pre-Arb,"$706,800"
727,Bailey Ober,26,SP,Pre-Arb,"$706,200"
728,Yonathan Daza,28,CF,Pre-Arb,"$705,000"
729,Taylor Walls,25,SS,Pre-Arb,"$704,000"
730,Camilo Doval,24,RP/CL,Pre-Arb,"$703,750"
731,Alex Lange,26,RP,Pre-Arb,"$703,700"
732,Joe Ryan,26,SP,Pre-Arb,"$701,650"
733,Chase Anderson,34,SP,Vet,"$700,000"
734,Fernando Cruz,0,RP,Pre-Arb,"$700,000"
735,Alexis Diaz,25,RP/CL,Pre-Arb,"$700,000"
736,Hunter Greene,22,SP,Pre-Arb,"$700,000"
737,Derek Law,31,RP,Arb 1,"$700,000"
738,Daniel Norris,29,RP,Vet,"$700,000"
739,Jhoan Duran,24,RP,Pre-Arb,"$700,000"
740,Billy Hamilton,31,CF,Vet,"$700,000"
741,Shawn Armstrong,31,RP,Arb 2,"$700,000"
742,Will Vest,27,RP,Pre-Arb,"$696,126"
743,Gilberto Celestino,23,LF,Pre-Arb,"$687,436"
744,Griffin Jax,27,RP,Pre-Arb,"$680,742"
745,Nick Lodolo,24,SP,Pre-Arb,"$673,050"
746,Jason Foley,26,RP,Pre-Arb,"$647,472"
747,Bobby Dalbec,27,1B,Pre-Arb,"$643,372"
748,Aristides Aquino,28,RF,Pre-Arb,"$640,096"
749,Matt Reynolds,31,3B,Pre-Arb,"$623,052"
750,Joey Bart,25,C,Pre-Arb,"$614,146"
751,Connor Overton,28,RP,Pre-Arb,"$611,514"
752,John Schreiber,28,RP,Pre-Arb,"$599,976"
753,Jose Miranda,24,SS,Pre-Arb,"$596,130"
754,Joel Kuhnel,27,RP,Pre-Arb,"$576,900"
755,Isaac Paredes,23,3B,Pre-Arb,"$576,900"
756,Buck Farmer,31,RP,Arb 3,"$569,740"
757,Reiver Sanmartin,26,RP,Pre-Arb,"$549,978"
758,Brian Serven,27,C,Pre-Arb,"$542,286"
759,Jorge Lopez,29,RP/CL,Arb 1,"$527,488"
760,Spencer Torkelson,22,1B,Pre-Arb,"$523,056"
761,Graham Ashcraft,24,SP,Pre-Arb,"$515,364"
762,Ty Blach,31,RP,Pre-Arb,"$515,125"
763,Jose Barrero,24,SS,Pre-Arb,"$494,080"
764,Clarke Schmidt,26,RP,Pre-Arb,"$481,545"
765,David Peterson,26,RP,Pre-Arb,"$476,904"
766,Akil Baddoo,23,CF,Pre-Arb,"$475,556"
767,Yunior Marte,27,RP,Pre-Arb,"$457,674"
768,Austin Wynns,31,C,Pre-Arb,"$457,674"
769,Jacob Bird,26,RP,Pre-Arb,"$446,136"
770,Josh Winder,25,SP,Pre-Arb,"$426,906"
771,Kody Clemens,26,2B,Pre-Arb,"$423,060"
772,Riley Greene,21,CF,Pre-Arb,"$419,214"
773,Alejo Lopez,26,2B,Pre-Arb,"$415,368"
774,Justin Lawrence,27,RP,Pre-Arb,"$403,830"
775,Josh Fleming,26,RP,Pre-Arb,"$388,700"
776,Jovani Moran,25,RP,Pre-Arb,"$380,754"
777,Ryan Feltner,25,SP,Pre-Arb,"$369,216"
778,Elehuris Montero,23,3B,Pre-Arb,"$361,524"
779,Ian Gibaut,28,RP,Pre-Arb,"$349,986"
780,Jose Urena,30,SP,Vet,"$349,986"
781,Christian Bethancourt,30,C,Pre-Arb,"$338,448"
782,Dan Vogelbach,29,DH,Arb 1,"$329,700"
783,Brayan Bello,23,SP,Pre-Arb,"$311,526"
784,Garrett Hill,26,SP,Pre-Arb,"$311,526"
785,Vidal Brujan,24,2B,Pre-Arb,"$269,220"
786,Kaleb Ort,30,RP,Pre-Arb,"$265,374"
787,David Villar,25,3B,Pre-Arb,"$261,528"
788,Alan Trejo,26,SS,Pre-Arb,"$258,419"
789,Reese McGuire,27,C,Pre-Arb,"$254,016"
790,Sean Bouchard,26,1B,Pre-Arb,"$253,836"
791,Jose Siri,26,CF,Pre-Arb,"$251,420"
792,Scott Effross,28,RP,Pre-Arb,"$250,582"
793,Rene Pinto,25,C,Pre-Arb,"$249,990"
794,Eric Hosmer,32,1B,Vet,"$246,154"
795,Stuart Fairchild,26,OF,Pre-Arb,"$246,144"
796,Austin Romine,33,C,Vet,"$246,144"
797,Alex Young,28,RP,Pre-Arb,"$246,144"
798,Mark Contreras,27,OF,Pre-Arb,"$211,530"
799,Connor Wong,26,C,Pre-Arb,"$199,992"
800,Cole Sands,24,RP,Pre-Arb,"$196,146"
801,Chad Smith,27,P,Pre-Arb,"$192,300"
802,Oswaldo Cabrera,23,2B,Pre-Arb,"$188,454"
803,Jason Vosler,28,3B,Pre-Arb,"$180,762"
804,Jonathan Aranda,24,1B,Pre-Arb,"$173,070"
805,Chuckie Robinson,27,C,Pre-Arb,"$169,224"
806,Javier Guerra,26,RP,Pre-Arb,"$158,793"
807,Scott Alexander,32,RP,Arb 3,"$153,840"
808,Garrett Cleavinger,28,RP,Pre-Arb,"$152,139"
809,Zack Kelly,27,RP,Pre-Arb,"$146,148"
810,Michael Toglia,23,1B,Pre-Arb,"$138,456"
811,Terrance Gore,31,CF,Pre-Arb,"$134,610"
812,Spencer Steer,24,SS,Pre-Arb,"$130,764"
813,Ryan Kreidler,24,SS,Pre-Arb,"$130,764"
814,Aaron Sanchez,29,RP,Vet,"$130,764"
815,Oswald Peraza,22,SS,Pre-Arb,"$130,764"
816,Triston Casas,22,3B,Pre-Arb,"$119,226"
817,Angel De Jesus,25,RP,Pre-Arb,"$115,380"
818,Mark Vientos,22,3B,Pre-Arb,"$96,150"
819,Darwinzon Hernandez,25,RP,Pre-Arb,"$92,304"
820,Yu-Cheng Chang,26,SS,Pre-Arb,"$89,148"
821,Frank German,24,RP,Pre-Arb,"$73,074"
822,Matt Wallner,24,RF,Pre-Arb,"$73,074"
823,Gavin Hollowell,24,RP,Pre-Arb,"$65,382"
824,Jharel Cotton,30,SP,Arb 1,"$65,382"
825,Jimmy Yacabonis,30,RP,Pre-Arb,"$61,536"
826,Bryce Johnson,26,CF,Pre-Arb,"$57,690"
827,Mike Siani,22,OF,Pre-Arb,"$53,844"
828,Louie Varland,24,P,Pre-Arb,"$53,844"
829,Sean Hjelle,25,RP,Pre-Arb,"$53,844"
830,Ezequiel Tovar,20,SS,Pre-Arb,"$49,998"
831,Shelby Miller,31,SP,Vet,"$49,998"
832,Luis Ortiz,26,SP,Pre-Arb,"$49,998"
833,Cole Waites,24,RP,Pre-Arb,"$46,152"
834,Noah Davis,25,RP,Pre-Arb,"$42,306"
835,Ford Proctor,25,SS,Pre-Arb,"$42,306"
836,Heliot Ramos,22,OF,Pre-Arb,"$38,460"
837,Bryan Garcia,27,RP,Pre-Arb,"$23,076"
838,Brendon Davis,24,SS,Pre-Arb,"$19,230"
839,Francisco Alvarez,20,C,Pre-Arb,"$19,230"
840,Andrew Vasquez,28,RP,Pre-Arb,"$8,792"
841,Tommy Pham,34,LF,Vet,-
